,Unnamed: 0,Team,url,1949/1950,1950/1951,1951/1952,1952/1953,1953/1954,1954/1955,1955/1956,1956/1957,1957/1958,1958/1959,1959/1960,1960/1961,1961/1962,1962/1963,1963/1964,1964/1965,1965/1966,1966/1967,1967/1968,1968/1969,1969/1970,1970/1971,1971/1972,1972/1973,1973/1974,1974/1975,1975/1976,1976/1977,1977/1978,1978/1979,1979/1980,1980/1981,1981/1982,1982/1983,1983/1984,1984/1985,1985/1986,1986/1987,1987/1988,1988/1989,1989/1990,1990/1991,1991/1992,1992/1993,1993/1994,1994/1995,1995/1996,1996/1997,1997/1998,1998/1999,1999/2000,2000/2001,2001/2002,2002/2003,2003/2004,2004/2005,2005/2006,2006/2007,2007/2008,2008/2009,2009/2010,2010/2011,2011/2012,2012/2013,2013/2014,2014/2015,2015/2016,2016/2017,2017/2018,2018/2019,2019/2020
0,0,Sunderland AFC,https://pt.wikipedia.org/wiki/Sunderland_Association_Football_Club#/media/Ficheiro:Sunderland_AFC.png,400962.0,835088.0,836908.0,8351.0,8926.0,903899.0,753641.0,759036.0,759067.0,0.0,0.0,0.0,0.0,0.0,0.0,853373.0,724243.0,666347.0,64833.0,523936.0,457585.0,0.0,0.0,0.0,0.0,0.0,0.0,687848.0,0.0,0.0,0.0,570561.0,411765.0,364419.0,339598.0,385157.0,0.0,0.0,0.0,0.0,0.0,428142.0,0.0,0.0,0.0,0.0,0.0,398497.0,0.0,0.0,776131.0,889026.0,888156.0,754267.0,0.0,0.0,64418.0,0.0,82354.0,763198.0,766748.0,760214.0,742813.0,770344.0,780706.0,819985.0,818351.0,78445.0,0.0,0.0,0.0
1,1,Wolverhampton Wanderers,https://pt.wikipedia.org/wiki/Wolverhampton_Wanderers_Football_Club#/media/Ficheiro:Wolverhampton%20Wanderers.png,36115.0,831935.0,723186.0,768772.0,763137.0,766019.0,738885.0,73408.0,783654.0,807229.0,761128.0,648588.0,520855.0,563155.0,474044.0,451484.0,0.0,0.0,735353.0,644993.0,654435.0,593873.0,586908.0,512704.0,537738.0,485971.0,485266.0,0.0,468641.0,437443.0,540834.0,452769.0,320172.0,0.0,262045.0,0.0,0.0,0.0,0.0,0.0,0.0,0.0,0.0,0.0,0.0,0.0,0.0,0.0,0.0,0.0,0.0,0.0,0.0,0.0,548604.0,0.0,0.0,0.0,0.0,0.0,538949.0,526222.0,487967.0,0.0,0.0,0.0,0.0,0.0,0.0,589572.0,470407.0
2,2,Arsenal FC,https://pt.wikipedia.org/wiki/Arsenal_Football_Club#/media/Ficheiro:Arsenal_FC.svg,355905.0,1059946.0,1071633.0,1033015.0,1055833.0,918488.0,882717.0,862945.0,836541.0,949776.0,826163.0,706047.0,72338.0,678039.0,730463.0,65786.0,609761.0,66723.0,669826.0,806892.0,750912.0,918416.0,850576.0,845307.0,633736.0,593832.0,565929.0,686091.0,744526.0,763821.0,706003.0,682075.0,537458.0,50721.0,590461.0,655435.0,500076.0,610176.0,598059.0,676267.0,639772.0,701236.0,669915.0,512464.0,641835.0,742422.0,713797.0,718603.0,723009.0,72245.0,72263.0,721512.0,723036.0,722795.0,723498.0,721602.0,725499.0,1140863.0,1141335.0,1140755.0,1138613.0,1140480.0,1140006.0,1141507.0,1130251.0,1139843.0,1138934.0,1139177.0,1127133.0,1138072.0,904188.0
3,3,Everton FC,https://pt.wikipedia.org/wiki/Everton_Football_Club#/media/Ficheiro:Everton_FC_logo_2014.png,309844.0,902012.0,0.0,0.0,0.0,974281.0,89812.0,736596.0,822306.0,822584.0,856558.0,912418.0,870081.0,1083657.0,1037421.0,883306.0,808456.0,894732.0,986641.0,965127.0,1040152.0,863704.0,782556.0,725344.0,742598.0,839247.0,570254.0,628693.0,829464.0,737857.0,601108.0,548346.0,51812.0,426511.0,405052.0,638754.0,680143.0,692517.0,555641.0,527951.0,500703.0,477414.0,485954.0,429557.0,480218.0,648778.0,673063.0,687572.0,67174.0,687856.0,661728.0,648491.0,646067.0,731134.0,737912.0,699846.0,700347.0,69804.0,702142.0,677679.0,697775.0,682738.0,631333.0,690763.0,716902.0,729711.0,724356.0,74689.0,737143.0,736815.0,548103.0
4,4,Newcastle United,https://pt.wikipedia.org/wiki/Newcastle_United_Football_Club#/media/Ficheiro:Newcastle_United_Logo.png,341972.0,979665.0,1059996.0,93495.0,953227.0,901428.0,790986.0,739232.0,761068.0,82862.0,756768.0,556505.0,0.0,0.0,0.0,0.0,709652.0,673691.0,78201.0,714326.0,788617.0,622152.0,678089.0,582113.0,661337.0,711871.0,676645.0,674137.0,509069.0,0.0,0.0,0.0,0.0,0.0,0.0,544977.0,486862.0,519741.0,420753.0,433487.0,0.0,0.0,0.0,0.0,707464.0,728536.0,693599.0,692866.0,696762.0,696631.0,690112.0,974874.0,976079.0,986542.0,977358.0,98504.0,988609.0,963036.0,975093.0,926244.0,0.0,90664.0,948777.0,959826.0,957511.0,956823.0,945317.0,0.0,987844.0,971297.0,675471.0
5,5,Manchester City,https://pt.wikipedia.org/wiki/Manchester_City_Football_Club#/media/Ficheiro:Manchester_City_Football_Club.png,320372.0,0.0,806347.0,715221.0,633265.0,739554.0,67615.0,630097.0,688057.0,683921.0,748379.0,617598.0,538155.0,518345.0,0.0,0.0,0.0,655369.0,781686.0,70876.0,712532.0,647772.0,809747.0,674942.0,640155.0,690138.0,719965.0,833334.0,875419.0,760416.0,75031.0,704248.0,715332.0,562548.0,0.0,0.0,508809.0,460372.0,0.0,0.0,531534.0,527615.0,581451.0,518655.0,560899.0,475758.0,530885.0,0.0,0.0,0.0,0.0,647108.0,0.0,65673.0,889854.0,858655.0,814269.0,759946.0,8004.0,815105.0,86474.0,872195.0,893851.0,892506.0,894527.0,861939.0,1026776.0,1026358.0,1022434.0,1028477.0,704846.0
6,6,Liverpool FC,https://pt.wikipedia.org/wiki/Liverpool_Football_Club#/media/Ficheiro:Liverpool_FC.svg,314456.0,804171.0,798398.0,839381.0,850255.0,0.0,0.0,0.0,0.0,0.0,0.0,0.0,0.0,902396.0,945663.0,863908.0,973224.0,974158.0,981856.0,994135.0,914901.0,957657.0,1001049.0,1010170.0,890972.0,965556.0,874085.0,992968.0,958859.0,976704.0,936148.0,790567.0,739491.0,731563.0,672459.0,723776.0,741699.0,762954.0,793653.0,735474.0,700502.0,671717.0,733769.0,777193.0,808573.0,718722.0,751501.0,755757.0,771937.0,823105.0,837402.0,830273.0,824395.0,821612.0,810867.0,809148.0,840491.0,82766.0,827111.0,82861.0,814411.0,813584.0,840808.0,850224.0,84875.0,848519.0,834285.0,1007311.0,1007931.0,1006668.0,797143.0
7,7,Manchester United,https://pt.wikipedia.org/wiki/Manchester_United_Football_Club#/media/Ficheiro:Manchester_United_FC_logo.png,272951.0,819169.0,901245.0,788985.0,74462.0,755155.0,824329.0,955097.0,967542.0,1118425.0,993054.0,795651.0,703302.0,846911.0,926623.0,976938.0,81414.0,1130940.0,1208595.0,1074548.0,1047096.0,945434.0,973803.0,1021525.0,897051.0,0.0,1148405.0,1127928.0,1088460.0,97705.0,1082480.0,946176.0,938442.0,873048.0,892936.0,903222.0,972757.0,853167.0,782099.0,693283.0,740606.0,821589.0,944678.0,736768.0,929133.0,917218.0,79194.0,1046547.0,1048125.0,1048580.0,1102323.0,1282308.0,1283594.0,1284434.0,1285175.0,1289541.0,1306528.0,1440694.0,1438136.0,1430776.0,1422424.0,1427077.0,1432358.0,1435063.0,1428928.0,1431362.0,1430430.0,1430502.0,1424538.0,1415471.0,1100891.0
8,8,Charlton Athletic,https://pt.wikipedia.org/wiki/Charlton_Athletic_Football_Club#/media/Ficheiro:Charlton_Athletic_FC.png,30915.0,615154.0,576779.0,531248.0,604862.0,504054.0,522323.0,427699.0,0.0,0.0,0.0,0.0,0.0,0.0,0.0,0.0,0.0,0.0,0.0,0.0,0.0,0.0,0.0,0.0,0.0,0.0,0.0,0.0,0.0,0.0,0.0,0.0,0.0,0.0,0.0,0.0,0.0,199254.0,173629.0,178603.0,204503.0,0.0,0.0,0.0,0.0,0.0,0.0,0.0,0.0,376637.0,0.0,380429.0,459131.0,498855.0,500641.0,50777.0,497721.0,497708.0,0.0,0.0,0.0,0.0,0.0,0.0,0.0,0.0,0.0,0.0,0.0,0.0,0.0
9,9,Aston Villa,https://pt.wikipedia.org/wiki/Aston_Villa_Football_Club#/media/Ficheiro:Aston_villa_logo16.png,295197.0,805742.0,811461.0,675964.0,629683.0,621131.0,626341.0,640232.0,62209.0,711473.0,0.0,705587.0,673183.0,64636.0,469266.0,479465.0,442328.0,454195.0,0.0,0.0,0.0,0.0,0.0,0.0,0.0,0.0,814943.0,795984.0,744073.0,68959.0,587131.0,700465.0,562053.0,498712.0,446148.0,384683.0,319581.0,381613.0,0.0,442893.0,485157.0,487602.0,521039.0,621472.0,609314.0,624881.0,62266.0,68452.0,686587.0,701795.0,602237.0,598933.0,665223.0,664533.0,695811.0,70973.0,648124.0,688071.0,76056.0,756422.0,732895.0,706685.0,64359.0,666135.0,685535.0,648518.0,640112.0,0.0,0.0,0.0,541594.0
10,10,Chelsea FC,https://pt.wikipedia.org/wiki/Chelsea_Football_Club#/media/Ficheiro:Chelsea_FC.svg,279251.0,832833.0,838576.0,922672.0,98582.0,1013451.0,716963.0,666675.0,807028.0,858003.0,827885.0,633278.0,567273.0,0.0,657396.0,778136.0,658273.0,746411.0,755559.0,78987.0,847174.0,830419.0,814552.0,62416.0,540651.0,574696.0,0.0,0.0,594761.0,500134.0,0.0,0.0,0.0,0.0,0.0,48436.0,461698.0,371576.0,408538.0,0.0,414232.0,39785.0,394366.0,393838.0,40773.0,442192.0,486361.0,524722.0,634357.0,660273.0,65611.0,659302.0,741579.0,755896.0,783461.0,795534.0,796131.0,789294.0,786549.0,790172.0,787029.0,787271.0,788089.0,787786.0,788153.0,789376.0,788506.0,788645.0,784353.0,768297.0,608444.0
11,11,West Bromwich Albion,https://pt.wikipedia.org/wiki/West_Bromwich_Albion_Football_Club#/media/Ficheiro:West_Bromwich_Albion.png,274863.0,650097.0,621173.0,659003.0,800312.0,653058.0,562681.0,477658.0,680789.0,659361.0,576674.0,518901.0,441134.0,389148.0,431591.0,395818.0,416511.0,49019.0,542384.0,527024.0,585419.0,539213.0,540619.0,452896.0,0.0,0.0,0.0,522279.0,504982.0,560722.0,46949.0,427555.0,35214.0,320428.0,307091.0,290525.0,254878.0,0.0,0.0,0.0,0.0,0.0,0.0,0.0,0.0,0.0,0.0,0.0,0.0,0.0,0.0,0.0,0.0,507888.0,0.0,493746.0,482667.0,0.0,0.0,490524.0,0.0,468976.0,471165.0,481838.0,478678.0,476211.0,467995.0,453646.0,465878.0,0.0,0.0
12,12,Portsmouth FC,https://pt.wikipedia.org/wiki/Portsmouth_Football_Club#/media/Ficheiro:Portsmouth_FC.png,232175.0,688664.0,68299.0,663134.0,608938.0,627231.0,551455.0,516833.0,598473.0,504334.0,0.0,0.0,0.0,0.0,0.0,0.0,0.0,0.0,0.0,0.0,0.0,0.0,0.0,0.0,0.0,0.0,0.0,0.0,0.0,0.0,0.0,0.0,0.0,0.0,0.0,0.0,0.0,0.0,318186.0,0.0,0.0,0.0,0.0,0.0,0.0,0.0,0.0,0.0,0.0,0.0,0.0,0.0,0.0,0.0,382054.0,38137.0,376951.0,37738.0,378367.0,376762.0,346737.0,0.0,0.0,0.0,0.0,0.0,0.0,0.0,0.0,0.0,0.0
13,13,Middlesbrough FC,https://pt.wikipedia.org/wiki/Middlesbrough_Football_Club#/media/Ficheiro:Middlesbrough_FC.png,228735.0,758579.0,604279.0,568608.0,567037.0,0.0,0.0,0.0,0.0,0.0,0.0,0.0,0.0,0.0,0.0,0.0,0.0,0.0,0.0,0.0,0.0,0.0,0.0,0.0,0.0,601077.0,491495.0,451.0,417601.0,397859.0,394247.0,345518.0,282045.0,0.0,0.0,0.0,0.0,0.0,0.0,379724.0,0.0,0.0,0.0,351199.0,0.0,0.0,555779.0,567541.0,0.0,653393.0,634474.0,584195.0,540719.0,58948.0,588556.0,608236.0,540799.0,526866.0,50745.0,540144.0,0.0,0.0,0.0,0.0,0.0,0.0,0.0,578539.0,0.0,0.0,0.0
14,14,Birmingham City,https://pt.wikipedia.org/wiki/Birmingham_City_Football_Club#/media/Ficheiro:Birmingham_City_FC.png,21979.0,0.0,0.0,0.0,0.0,0.0,707351.0,680642.0,620604.0,560397.0,568503.0,541267.0,494278.0,473013.0,463149.0,413999.0,0.0,0.0,0.0,0.0,0.0,0.0,0.0,769582.0,693708.0,648197.0,588042.0,593767.0,499821.0,423012.0,0.0,404229.0,358285.0,327454.0,296318.0,0.0,22927.0,0.0,0.0,0.0,0.0,0.0,0.0,0.0,0.0,0.0,0.0,0.0,0.0,0.0,0.0,0.0,0.0,548781.0,545969.0,546434.0,520448.0,0.0,497438.0,0.0,47968.0,483775.0,0.0,0.0,0.0,0.0,0.0,0.0,0.0,0.0,0.0
15,15,Fulham FC,https://pt.wikipedia.org/wiki/Fulham_Football_Club#/media/Ficheiro:Fulham_FC.svg,209684.0,641077.0,664551.0,0.0,0.0,0.0,0.0,0.0,0.0,0.0,635682.0,483302.0,512427.0,4617.0,444426.0,368818.0,443901.0,513028.0,466272.0,0.0,0.0,0.0,0.0,0.0,0.0,0.0,0.0,0.0,0.0,0.0,0.0,0.0,0.0,0.0,0.0,0.0,0.0,0.0,0.0,0.0,0.0,0.0,0.0,0.0,0.0,0.0,0.0,0.0,0.0,0.0,0.0,0.0,367519.0,317434.0,310504.0,376928.0,39243.0,42335.0,451714.0,462534.0,454276.0,47581.0,480576.0,482492.0,474563.0,0.0,0.0,0.0,0.0,463051.0,0.0
16,16,Stoke City,https://pt.wikipedia.org/wiki/Stoke_City_Football_Club#/media/Ficheiro:Stoke_City_FC.png,208572.0,541617.0,529656.0,585547.0,0.0,0.0,0.0,0.0,0.0,0.0,0.0,0.0,0.0,0.0,636613.0,541523.0,472563.0,544584.0,460938.0,39867.0,507457.0,415724.0,507759.0,489527.0,452386.0,565717.0,468137.0,399604.0,0.0,0.0,42123.0,324243.0,306966.0,349251.0,291277.0,223593.0,0.0,0.0,0.0,0.0,0.0,0.0,0.0,0.0,0.0,0.0,0.0,0.0,0.0,0.0,0.0,0.0,0.0,0.0,0.0,0.0,0.0,0.0,0.0,509604.0,516082.0,510303.0,51729.0,507727.0,496607.0,514547.0,523148.0,52123.0,556317.0,0.0,0.0
17,17,Huddersfield Town,https://pt.wikipedia.org/wiki/Huddersfield_Town_Association_Football_Club#/media/Ficheiro:Huddersfield_Town_FC.png,181509.0,569957.0,509254.0,0.0,640628.0,524444.0,420512.0,0.0,0.0,0.0,0.0,0.0,0.0,0.0,0.0,0.0,0.0,0.0,0.0,0.0,0.0,487784.0,334377.0,0.0,0.0,0.0,0.0,0.0,0.0,0.0,0.0,0.0,0.0,0.0,0.0,0.0,0.0,0.0,0.0,0.0,0.0,0.0,0.0,0.0,0.0,0.0,0.0,0.0,0.0,0.0,0.0,0.0,0.0,0.0,0.0,0.0,0.0,0.0,0.0,0.0,0.0,0.0,0.0,0.0,0.0,0.0,0.0,0.0,456757.0,440822.0,0.0
18,18,Blackpool FC,https://pt.wikipedia.org/wiki/Blackpool_Football_Club#/media/Ficheiro:Blackpool_FC.png,193647.0,537488.0,542933.0,542529.0,533729.0,503141.0,546331.0,461176.0,449532.0,438052.0,457437.0,393007.0,390971.0,389253.0,347348.0,391465.0,339894.0,362942.0,0.0,0.0,0.0,42845.0,0.0,0.0,0.0,0.0,0.0,0.0,0.0,0.0,0.0,0.0,0.0,0.0,0.0,0.0,0.0,0.0,0.0,0.0,0.0,0.0,0.0,0.0,0.0,0.0,0.0,0.0,0.0,0.0,0.0,0.0,0.0,0.0,0.0,0.0,0.0,0.0,0.0,0.0,0.0,299815.0,0.0,0.0,0.0,0.0,0.0,0.0,0.0,0.0,0.0
19,19,Bolton Wanderers,https://pt.wikipedia.org/wiki/Bolton_Wanderers_Football_Club#/media/Ficheiro:Bolton_Wanderers_FC_new_logo.png,192761.0,69599.0,752474.0,673389.0,708527.0,595771.0,587252.0,529591.0,462618.0,580833.0,545953.0,455062.0,367897.0,407516.0,357385.0,0.0,0.0,0.0,0.0,0.0,0.0,0.0,0.0,0.0,0.0,0.0,0.0,0.0,0.0,4872.0,340542.0,0.0,0.0,0.0,0.0,0.0,0.0,0.0,0.0,0.0,0.0,0.0,0.0,0.0,0.0,0.0,357635.0,0.0,462693.0,0.0,0.0,0.0,476867.0,475322.0,509104.0,492308.0,483636.0,448515.0,397122.0,427228.0,415737.0,434528.0,449729.0,0.0,0.0,0.0,0.0,0.0,0.0,0.0,0.0
20,20,Derby County,https://pt.wikipedia.org/wiki/Derby_County_Football_Club#/media/Ficheiro:Derby_County_FC.png,186995.0,488446.0,460935.0,454162.0,0.0,0.0,0.0,0.0,0.0,0.0,0.0,0.0,0.0,0.0,0.0,0.0,0.0,0.0,0.0,0.0,754407.0,660508.0,696884.0,614101.0,586602.0,562117.0,58857.0,528342.0,500355.0,457599.0,417904.0,0.0,0.0,0.0,0.0,0.0,0.0,0.0,345601.0,336464.0,333223.0,311222.0,0.0,0.0,0.0,0.0,0.0,339885.0,552987.0,554698.0,557678.0,542468.0,566508.0,0.0,0.0,0.0,0.0,0.0,616216.0,0.0,0.0,0.0,0.0,0.0,0.0,0.0,0.0,0.0,0.0,0.0,0.0
21,21,Burnley FC,https://pt.wikipedia.org/wiki/Burnley_Football_Club#/media/Ficheiro:BurnleyFC_logo2014.gif,178823.0,594225.0,559097.0,598075.0,59117.0,526965.0,491331.0,472352.0,46728.0,498401.0,566538.0,500357.0,569628.0,528785.0,414863.0,330529.0,419318.0,430666.0,36613.0,337523.0,345488.0,339552.0,0.0,0.0,436712.0,409837.0,382247.0,0.0,0.0,0.0,0.0,0.0,0.0,0.0,0.0,0.0,0.0,0.0,0.0,0.0,0.0,0.0,0.0,0.0,0.0,0.0,0.0,0.0,0.0,0.0,0.0,0.0,0.0,0.0,0.0,0.0,0.0,0.0,0.0,0.0,392423.0,0.0,0.0,0.0,0.0,363483.0,0.0,390609.0,39308.0,390148.0,303899.0
22,22,Tottenham Hotspur,https://pt.wikipedia.org/wiki/Tottenham_Hotspur_Football_Club#/media/Ficheiro:Tottenham_Hotspur.png,0.0,1165697.0,1073806.0,926223.0,868778.0,780655.0,79889.0,908879.0,90179.0,849605.0,1006906.0,1115612.0,957102.0,994189.0,919805.0,827213.0,804712.0,88175.0,894766.0,786558.0,757261.0,748231.0,815422.0,687882.0,549416.0,556165.0,584115.0,634352.0,0.0,732152.0,672284.0,643919.0,747197.0,644532.0,603805.0,60759.0,438096.0,544105.0,51842.0,464876.0,50283.0,582.0,582978.0,585439.0,570359.0,572436.0,580416.0,590276.0,553731.0,649307.0,663324.0,668697.0,665015.0,682049.0,66384.0,67998.0,685399.0,679043.0,68337.0,682649.0,680091.0,678368.0,684501.0,684566.0,68036.0,678824.0,679741.0,601143.0,1291103.0,1030111.0,831374.0
23,23,Sheffield Wednesday,https://pt.wikipedia.org/wiki/Sheffield_Wednesday_Football_Club#/media/Ficheiro:SheffieldWednesday2016logo.png,0.0,865656.0,0.0,895308.0,738726.0,548956.0,0.0,599967.0,477888.0,0.0,672716.0,613808.0,596418.0,520581.0,491435.0,423947.0,469678.0,634597.0,660682.0,564187.0,554412.0,0.0,0.0,0.0,0.0,0.0,0.0,0.0,0.0,0.0,0.0,0.0,0.0,0.0,0.0,583374.0,485131.0,4861.0,395933.0,380699.0,397616.0,0.0,62114.0,572534.0,571002.0,557921.0,472615.0,488565.0,545423.0,508161.0,472253.0,0.0,0.0,0.0,0.0,0.0,0.0,0.0,0.0,0.0,0.0,0.0,0.0,0.0,0.0,0.0,0.0,0.0,0.0,0.0,0.0
24,24,Preston North End,https://pt.wikipedia.org/wiki/Preston_North_End_Football_Club#/media/Ficheiro:Preston_North_End_FC.png,0.0,0.0,691646.0,642314.0,585645.0,559123.0,517793.0,493953.0,52525.0,471134.0,515602.0,352881.0,0.0,0.0,0.0,0.0,0.0,0.0,0.0,0.0,0.0,0.0,0.0,0.0,0.0,0.0,0.0,0.0,0.0,0.0,0.0,0.0,0.0,0.0,0.0,0.0,0.0,0.0,0.0,0.0,0.0,0.0,0.0,0.0,0.0,0.0,0.0,0.0,0.0,0.0,0.0,0.0,0.0,0.0,0.0,0.0,0.0,0.0,0.0,0.0,0.0,0.0,0.0,0.0,0.0,0.0,0.0,0.0,0.0,0.0,0.0
25,25,Cardiff City,https://pt.wikipedia.org/wiki/Cardiff_City_Football_Club#/media/Ficheiro:Cardiff_City_FC_2015_Logo.png,0.0,0.0,0.0,796584.0,680614.0,510537.0,559102.0,431545.0,0.0,0.0,0.0,491184.0,405184.0,0.0,0.0,0.0,0.0,0.0,0.0,0.0,0.0,0.0,0.0,0.0,0.0,0.0,0.0,0.0,0.0,0.0,0.0,0.0,0.0,0.0,0.0,0.0,0.0,0.0,0.0,0.0,0.0,0.0,0.0,0.0,0.0,0.0,0.0,0.0,0.0,0.0,0.0,0.0,0.0,0.0,0.0,0.0,0.0,0.0,0.0,0.0,0.0,0.0,0.0,0.0,521165.0,0.0,0.0,0.0,0.0,596844.0,0.0
26,26,Leeds United,https://pt.wikipedia.org/wiki/Leeds_United_Football_Club#/media/Ficheiro:Leeds_United_Logo.png,0.0,0.0,0.0,0.0,0.0,0.0,0.0,686108.0,52333.0,523015.0,459413.0,0.0,0.0,0.0,0.0,787287.0,751488.0,739637.0,770518.0,776952.0,726865.0,828922.0,748976.0,748437.0,812739.0,730834.0,661742.0,641175.0,610737.0,580236.0,480847.0,448655.0,464567.0,0.0,0.0,0.0,0.0,0.0,0.0,0.0,0.0,550265.0,619349.0,613798.0,724387.0,688768.0,619946.0,610235.0,658175.0,681056.0,743942.0,740507.0,755287.0,743279.0,696657.0,0.0,0.0,0.0,0.0,0.0,0.0,0.0,0.0,0.0,0.0,0.0,0.0,0.0,0.0,0.0,0.0
27,27,Sheffield United,https://pt.wikipedia.org/wiki/Sheffield_United_Football_Club#/media/Ficheiro:Sheffield_United_FC.png,0.0,0.0,0.0,0.0,657916.0,50149.0,495192.0,0.0,0.0,0.0,0.0,0.0,473042.0,478283.0,454737.0,423124.0,407495.0,4326.0,472445.0,0.0,0.0,0.0,696397.0,493886.0,481285.0,473743.0,49323.0,0.0,0.0,0.0,0.0,0.0,0.0,0.0,0.0,0.0,0.0,0.0,0.0,0.0,0.0,407561.0,462468.0,400204.0,410835.0,0.0,0.0,0.0,0.0,0.0,0.0,0.0,0.0,0.0,0.0,0.0,0.0,579728.0,0.0,0.0,0.0,0.0,0.0,0.0,0.0,0.0,0.0,0.0,0.0,0.0,463029.0
28,28,West Ham United,https://pt.wikipedia.org/wiki/West_Ham_United_Football_Club#/media/Ficheiro:West_Ham_United_FC_logo.png,0.0,0.0,0.0,0.0,0.0,0.0,0.0,0.0,0.0,595718.0,599641.0,460911.0,540395.0,496034.0,516418.0,543015.0,521548.0,614697.0,626705.0,653616.0,641132.0,630317.0,629778.0,630453.0,59753.0,631613.0,574807.0,546266.0,538758.0,0.0,0.0,0.0,558284.0,478264.0,446233.0,387141.0,447071.0,431453.0,396433.0,39414.0,0.0,0.0,447024.0,0.0,432448.0,42469.0,424015.0,440971.0,476428.0,487996.0,476769.0,488246.0,5958.0,654209.0,0.0,0.0,641109.0,659663.0,657423.0,640307.0,639983.0,634685.0,0.0,659677.0,649741.0,662552.0,663291.0,1082464.0,1080808.0,1108375.0,838543.0
29,29,Leicester City,https://pt.wikipedia.org/wiki/Leicester_City_Football_Club#/media/Ficheiro:LeicesterCity_logo2014.png,0.0,0.0,0.0,0.0,0.0,652399.0,0.0,0.0,658547.0,585052.0,533379.0,50518.0,408854.0,542654.0,506977.0,419214.0,468831.0,513717.0,515092.0,597357.0,0.0,0.0,599707.0,48562.0,533335.0,501865.0,464394.0,396487.0,372323.0,0.0,0.0,408262.0,0.0,0.0,307983.0,305134.0,277509.0,255643.0,0.0,0.0,0.0,0.0,0.0,0.0,0.0,410172.0,0.0,38349.0,391689.0,38891.0,37672.0,388596.0,376871.0,0.0,588674.0,0.0,0.0,0.0,0.0,0.0,0.0,0.0,0.0,0.0,0.0,602165.0,608393.0,605968.0,600083.0,605161.0,48092.0
30,30,Crystal Palace,https://pt.wikipedia.org/wiki/Crystal_Palace_Football_Club#/media/Ficheiro:Crystal_Palace_FC_logo.png,0.0,0.0,0.0,0.0,0.0,0.0,0.0,0.0,0.0,0.0,0.0,0.0,0.0,0.0,0.0,0.0,0.0,0.0,0.0,0.0,627914.0,599991.0,569501.0,627842.0,0.0,0.0,0.0,0.0,0.0,0.0,619979.0,392857.0,0.0,0.0,0.0,0.0,0.0,0.0,0.0,0.0,329839.0,387221.0,369644.0,330251.0,0.0,312466.0,0.0,0.0,417673.0,0.0,0.0,0.0,0.0,0.0,0.0,458051.0,0.0,0.0,0.0,0.0,0.0,0.0,0.0,0.0,458169.0,464004.0,468083.0,478052.0,476189.0,483644.0,375902.0
31,31,Coventry City,https://pt.wikipedia.org/wiki/Coventry_City_Football_Club#/media/Ficheiro:Coventry_City_FC.png,0.0,0.0,0.0,0.0,0.0,0.0,0.0,0.0,0.0,0.0,0.0,0.0,0.0,0.0,0.0,0.0,0.0,0.0,728815.0,697691.0,672909.0,544939.0,496838.0,513418.0,485894.0,407026.0,404847.0,444788.0,488794.0,476547.0,405773.0,355229.0,27576.0,220082.0,264325.0,270102.0,244615.0,337258.0,350165.0,305351.0,271552.0,263712.0,291884.0,315497.0,280405.0,335563.0,352024.0,37256.0,374722.0,394791.0,395369.0,391064.0,0.0,0.0,0.0,0.0,0.0,0.0,0.0,0.0,0.0,0.0,0.0,0.0,0.0,0.0,0.0,0.0,0.0,0.0,0.0
32,32,Nottingham Forest,https://pt.wikipedia.org/wiki/Nottingham_Forest_Football_Club#/media/Ficheiro:Nottingham_Forest.png,0.0,0.0,0.0,0.0,0.0,0.0,0.0,0.0,657398.0,603055.0,56151.0,518033.0,493861.0,463809.0,472445.0,575951.0,498221.0,656925.0,687015.0,523323.0,533566.0,489866.0,450642.0,0.0,0.0,0.0,0.0,0.0,682524.0,621236.0,558038.0,512815.0,4176.0,368904.0,371694.0,352078.0,353982.0,399824.0,385451.0,394911.0,391515.0,420606.0,498138.0,460107.0,0.0,496288.0,492395.0,467151.0,0.0,463894.0,0.0,0.0,0.0,0.0,0.0,0.0,0.0,0.0,0.0,0.0,0.0,0.0,0.0,0.0,0.0,0.0,0.0,0.0,0.0,0.0,0.0
33,33,Southampton FC,https://pt.wikipedia.org/wiki/Southampton_Football_Club#/media/Ficheiro:Southampton_FC_logo.png,0.0,0.0,0.0,0.0,0.0,0.0,0.0,0.0,0.0,0.0,0.0,0.0,0.0,0.0,0.0,0.0,0.0,53607.0,51797.0,472326.0,480925.0,467741.0,442821.0,380536.0,443649.0,0.0,0.0,0.0,0.0,448493.0,448029.0,450929.0,461919.0,396069.0,378958.0,378694.0,315636.0,313923.0,29072.0,296096.0,31338.0,321321.0,312097.0,318118.0,309765.0,308394.0,281614.0,286986.0,288013.0,287653.0,287499.0,287189.0,582019.0,582928.0,595663.0,581583.0,0.0,0.0,0.0,0.0,0.0,0.0,0.0,586602.0,57402.0,582395.0,584266.0,587787.0,585084.0,57264.0,445129.0
34,34,Ipswich Town,https://pt.wikipedia.org/wiki/Ipswich_Town_Football_Club#/media/Ficheiro:Ipswich_Town_FC.png,0.0,0.0,0.0,0.0,0.0,0.0,0.0,0.0,0.0,0.0,0.0,0.0,48012.0,399924.0,336075.0,0.0,0.0,0.0,0.0,495443.0,43502.0,434012.0,439197.0,467157.0,478178.0,524034.0,531941.0,561991.0,495211.0,454536.0,453282.0,517105.0,457213.0,41325.0,365814.0,358054.0,303275.0,0.0,0.0,0.0,0.0,0.0,0.0,381955.0,343961.0,354474.0,0.0,0.0,0.0,0.0,0.0,428116.0,464086.0,0.0,0.0,0.0,0.0,0.0,0.0,0.0,0.0,0.0,0.0,0.0,0.0,0.0,0.0,0.0,0.0,0.0,0.0
35,35,Blackburn Rovers,https://pt.wikipedia.org/wiki/Blackburn_Rovers_Football_Club#/media/Ficheiro:Blackburn_Rovers.svg,0.0,0.0,0.0,0.0,0.0,0.0,0.0,0.0,0.0,64143.0,573285.0,406218.0,334027.0,336013.0,452403.0,338301.0,28377.0,0.0,0.0,0.0,0.0,0.0,0.0,0.0,0.0,0.0,0.0,0.0,0.0,0.0,0.0,0.0,0.0,0.0,0.0,0.0,0.0,0.0,0.0,0.0,0.0,0.0,0.0,341207.0,371498.0,530709.0,523492.0,473999.0,479804.0,489459.0,0.0,0.0,493551.0,498287.0,463146.0,423985.0,399288.0,404233.0,454928.0,446102.0,483135.0,474995.0,428474.0,0.0,0.0,0.0,0.0,0.0,0.0,0.0,0.0
36,36,Norwich City,https://pt.wikipedia.org/wiki/Norwich_City_Football_Club#/media/Ficheiro:Norwich_City_FC.png,0.0,0.0,0.0,0.0,0.0,0.0,0.0,0.0,0.0,0.0,0.0,0.0,0.0,0.0,0.0,0.0,0.0,0.0,0.0,0.0,0.0,0.0,0.0,601792.0,491814.0,0.0,491462.0,481436.0,420891.0,392579.0,375164.0,372187.0,0.0,371289.0,345054.0,337219.0,0.0,376803.0,315264.0,318868.0,317999.0,295022.0,290918.0,34131.0,381436.0,391124.0,0.0,0.0,0.0,0.0,0.0,0.0,0.0,0.0,0.0,462653.0,0.0,0.0,0.0,0.0,0.0,0.0,505509.0,506762.0,509302.0,0.0,51247.0,0.0,0.0,0.0,378348.0
37,37,Watford FC,https://pt.wikipedia.org/wiki/Watford_Football_Club#/media/Ficheiro:Watford_FC_Logo.png,0.0,0.0,0.0,0.0,0.0,0.0,0.0,0.0,0.0,0.0,0.0,0.0,0.0,0.0,0.0,0.0,0.0,0.0,0.0,0.0,0.0,0.0,0.0,0.0,0.0,0.0,0.0,0.0,0.0,0.0,0.0,0.0,0.0,408549.0,34682.0,388821.0,322805.0,335137.0,290724.0,0.0,0.0,0.0,0.0,0.0,0.0,0.0,0.0,0.0,0.0,0.0,352338.0,0.0,0.0,0.0,0.0,0.0,0.0,356258.0,0.0,0.0,0.0,0.0,0.0,0.0,0.0,0.0,391281.0,390849.0,384388.0,380297.0,291713.0
38,38,Queens Park Rangers,https://pt.wikipedia.org/wiki/Queens_Park_Rangers_Football_Club#/media/Ficheiro:Queens_Park_Rangers_Crest_2016.png,0.0,0.0,0.0,0.0,0.0,0.0,0.0,0.0,0.0,0.0,0.0,0.0,0.0,0.0,0.0,0.0,0.0,0.0,0.0,453169.0,0.0,0.0,0.0,0.0,480104.0,428085.0,501269.0,442746.0,417899.0,342023.0,0.0,0.0,0.0,0.0,325953.0,297591.0,320052.0,294331.0,262813.0,234176.0,249769.0,256581.0,285783.0,315027.0,298782.0,307378.0,297775.0,0.0,0.0,0.0,0.0,0.0,0.0,0.0,0.0,0.0,0.0,0.0,0.0,0.0,0.0,0.0,328613.0,337808.0,0.0,338369.0,0.0,0.0,0.0,0.0,0.0
39,39,Oxford United,https://pt.wikipedia.org/wiki/Oxford_United_Football_Club#/media/Ficheiro:Oxford_United_FC.png,0.0,0.0,0.0,0.0,0.0,0.0,0.0,0.0,0.0,0.0,0.0,0.0,0.0,0.0,0.0,0.0,0.0,0.0,0.0,0.0,0.0,0.0,0.0,0.0,0.0,0.0,0.0,0.0,0.0,0.0,0.0,0.0,0.0,0.0,0.0,0.0,231607.0,217694.0,167751.0,0.0,0.0,0.0,0.0,0.0,0.0,0.0,0.0,0.0,0.0,0.0,0.0,0.0,0.0,0.0,0.0,0.0,0.0,0.0,0.0,0.0,0.0,0.0,0.0,0.0,0.0,0.0,0.0,0.0,0.0,0.0,0.0
40,40,Luton Town,https://pt.wikipedia.org/wiki/Luton_Town_Football_Club#/media/Ficheiro:Luton_Town_FC.png,0.0,0.0,0.0,0.0,0.0,0.0,450552.0,383512.0,386795.0,417315.0,358411.0,0.0,0.0,0.0,0.0,0.0,0.0,0.0,0.0,0.0,0.0,0.0,0.0,0.0,0.0,365147.0,0.0,0.0,0.0,0.0,0.0,0.0,0.0,28201.0,250706.0,227345.0,232081.0,215479.0,163142.0,177691.0,187566.0,195222.0,204822.0,0.0,0.0,0.0,0.0,0.0,0.0,0.0,0.0,0.0,0.0,0.0,0.0,0.0,0.0,0.0,0.0,0.0,0.0,0.0,0.0,0.0,0.0,0.0,0.0,0.0,0.0,0.0,0.0
41,41,Wimbledon FC,https://pt.wikipedia.org/wiki/Wimbledon_Football_Club#/media/Ficheiro:Wimbledon_FC.png,0.0,0.0,0.0,0.0,0.0,0.0,0.0,0.0,0.0,0.0,0.0,0.0,0.0,0.0,0.0,0.0,0.0,0.0,0.0,0.0,0.0,0.0,0.0,0.0,0.0,0.0,0.0,0.0,0.0,0.0,0.0,0.0,0.0,0.0,0.0,0.0,0.0,163652.0,160321.0,1476.0,145383.0,14061.0,148181.0,176505.0,219961.0,214346.0,25137.0,287637.0,316652.0,346468.0,325974.0,0.0,0.0,0.0,0.0,0.0,0.0,0.0,0.0,0.0,0.0,0.0,0.0,0.0,0.0,0.0,0.0,0.0,0.0,0.0,0.0
42,42,Brighton & Hove Albion,https://pt.wikipedia.org/wiki/Brighton_%26_Hove_Albion_Football_Club#/media/Ficheiro:Brighton_&_Hove_Albion.png,0.0,0.0,0.0,0.0,0.0,0.0,0.0,0.0,0.0,0.0,0.0,0.0,0.0,0.0,0.0,0.0,0.0,0.0,0.0,0.0,0.0,0.0,0.0,0.0,0.0,0.0,0.0,0.0,0.0,0.0,520395.0,398342.0,383109.0,308126.0,0.0,0.0,0.0,0.0,0.0,0.0,0.0,0.0,0.0,0.0,0.0,0.0,0.0,0.0,0.0,0.0,0.0,0.0,0.0,0.0,0.0,0.0,0.0,0.0,0.0,0.0,0.0,0.0,0.0,0.0,0.0,0.0,0.0,0.0,577701.0,578085.0,425006.0
43,43,Swansea City,https://pt.wikipedia.org/wiki/Swansea_City_Association_Football_Club#/media/Ficheiro:Swansea_City_AFC_logo.png,0.0,0.0,0.0,0.0,0.0,0.0,0.0,0.0,0.0,0.0,0.0,0.0,0.0,0.0,0.0,0.0,0.0,0.0,0.0,0.0,0.0,0.0,0.0,0.0,0.0,0.0,0.0,0.0,0.0,0.0,0.0,0.0,382252.0,245307.0,0.0,0.0,0.0,0.0,0.0,0.0,0.0,0.0,0.0,0.0,0.0,0.0,0.0,0.0,0.0,0.0,0.0,0.0,0.0,0.0,0.0,0.0,0.0,0.0,0.0,0.0,0.0,0.0,378978.0,387037.0,387725.0,390543.0,393508.0,391766.0,39183.0,0.0,0.0
44,44,AFC Bournemouth,https://pt.wikipedia.org/wiki/Athletic_Football_Club_Bournemouth#/media/Ficheiro:AfcBournemouth.png,0.0,0.0,0.0,0.0,0.0,0.0,0.0,0.0,0.0,0.0,0.0,0.0,0.0,0.0,0.0,0.0,0.0,0.0,0.0,0.0,0.0,0.0,0.0,0.0,0.0,0.0,0.0,0.0,0.0,0.0,0.0,0.0,0.0,0.0,0.0,0.0,0.0,0.0,0.0,0.0,0.0,0.0,0.0,0.0,0.0,0.0,0.0,0.0,0.0,0.0,0.0,0.0,0.0,0.0,0.0,0.0,0.0,0.0,0.0,0.0,0.0,0.0,0.0,0.0,0.0,0.0,212586.0,212464.0,202154.0,200107.0,147146.0
45,45,Leyton Orient,https://pt.wikipedia.org/wiki/Leyton_Orient_Football_Club#/media/Ficheiro:Leyton_Orient_FC.png,0.0,0.0,0.0,0.0,0.0,0.0,0.0,0.0,0.0,0.0,0.0,0.0,0.0,344536.0,0.0,0.0,0.0,0.0,0.0,0.0,0.0,0.0,0.0,0.0,0.0,0.0,0.0,0.0,0.0,0.0,0.0,0.0,0.0,0.0,0.0,0.0,0.0,0.0,0.0,0.0,0.0,0.0,0.0,0.0,0.0,0.0,0.0,0.0,0.0,0.0,0.0,0.0,0.0,0.0,0.0,0.0,0.0,0.0,0.0,0.0,0.0,0.0,0.0,0.0,0.0,0.0,0.0,0.0,0.0,0.0,0.0
46,46,Northampton Town,https://pt.wikipedia.org/wiki/Northampton_Town_Football_Club#/media/Ficheiro:Northampton_Town_FC.png,0.0,0.0,0.0,0.0,0.0,0.0,0.0,0.0,0.0,0.0,0.0,0.0,0.0,0.0,0.0,0.0,391308.0,0.0,0.0,0.0,0.0,0.0,0.0,0.0,0.0,0.0,0.0,0.0,0.0,0.0,0.0,0.0,0.0,0.0,0.0,0.0,0.0,0.0,0.0,0.0,0.0,0.0,0.0,0.0,0.0,0.0,0.0,0.0,0.0,0.0,0.0,0.0,0.0,0.0,0.0,0.0,0.0,0.0,0.0,0.0,0.0,0.0,0.0,0.0,0.0,0.0,0.0,0.0,0.0,0.0,0.0
47,47,Carlisle United,https://pt.wikipedia.org/wiki/Carlisle_United_Football_Club#/media/Ficheiro:Carlisle_United_FC.png,0.0,0.0,0.0,0.0,0.0,0.0,0.0,0.0,0.0,0.0,0.0,0.0,0.0,0.0,0.0,0.0,0.0,0.0,0.0,0.0,0.0,0.0,0.0,0.0,0.0,309764.0,0.0,0.0,0.0,0.0,0.0,0.0,0.0,0.0,0.0,0.0,0.0,0.0,0.0,0.0,0.0,0.0,0.0,0.0,0.0,0.0,0.0,0.0,0.0,0.0,0.0,0.0,0.0,0.0,0.0,0.0,0.0,0.0,0.0,0.0,0.0,0.0,0.0,0.0,0.0,0.0,0.0,0.0,0.0,0.0,0.0
48,48,Bristol City,https://pt.wikipedia.org/wiki/Bristol_City_Football_Club#/media/Ficheiro:Bristol_City_FC.png,0.0,0.0,0.0,0.0,0.0,0.0,0.0,0.0,0.0,0.0,0.0,0.0,0.0,0.0,0.0,0.0,0.0,0.0,0.0,0.0,0.0,0.0,0.0,0.0,0.0,0.0,0.0,511461.0,491377.0,458889.0,386217.0,0.0,0.0,0.0,0.0,0.0,0.0,0.0,0.0,0.0,0.0,0.0,0.0,0.0,0.0,0.0,0.0,0.0,0.0,0.0,0.0,0.0,0.0,0.0,0.0,0.0,0.0,0.0,0.0,0.0,0.0,0.0,0.0,0.0,0.0,0.0,0.0,0.0,0.0,0.0,0.0
49,49,Notts County,https://pt.wikipedia.org/wiki/Notts_County_Football_Club#/media/Ficheiro:Notts_County_FC.png,0.0,0.0,0.0,0.0,0.0,0.0,0.0,0.0,0.0,0.0,0.0,0.0,0.0,0.0,0.0,0.0,0.0,0.0,0.0,0.0,0.0,0.0,0.0,0.0,0.0,0.0,0.0,0.0,0.0,0.0,0.0,0.0,244602.0,215353.0,198625.0,0.0,0.0,0.0,0.0,0.0,0.0,0.0,233828.0,0.0,0.0,0.0,0.0,0.0,0.0,0.0,0.0,0.0,0.0,0.0,0.0,0.0,0.0,0.0,0.0,0.0,0.0,0.0,0.0,0.0,0.0,0.0,0.0,0.0,0.0,0.0,0.0
50,50,Millwall FC,https://pt.wikipedia.org/wiki/Millwall_Football_Club#/media/Ficheiro:Millwall_football_club_logo.png,0.0,0.0,0.0,0.0,0.0,0.0,0.0,0.0,0.0,0.0,0.0,0.0,0.0,0.0,0.0,0.0,0.0,0.0,0.0,0.0,0.0,0.0,0.0,0.0,0.0,0.0,0.0,0.0,0.0,0.0,0.0,0.0,0.0,0.0,0.0,0.0,0.0,0.0,0.0,293206.0,236632.0,0.0,0.0,0.0,0.0,0.0,0.0,0.0,0.0,0.0,0.0,0.0,0.0,0.0,0.0,0.0,0.0,0.0,0.0,0.0,0.0,0.0,0.0,0.0,0.0,0.0,0.0,0.0,0.0,0.0,0.0
51,51,Oldham Athletic,https://pt.wikipedia.org/wiki/Oldham_Athletic_Association_Football_Club#/media/Ficheiro:Oldham_Athletic_AFC.png,0.0,0.0,0.0,0.0,0.0,0.0,0.0,0.0,0.0,0.0,0.0,0.0,0.0,0.0,0.0,0.0,0.0,0.0,0.0,0.0,0.0,0.0,0.0,0.0,0.0,0.0,0.0,0.0,0.0,0.0,0.0,0.0,0.0,0.0,0.0,0.0,0.0,0.0,0.0,0.0,0.0,0.0,316825.0,270042.0,262009.0,0.0,0.0,0.0,0.0,0.0,0.0,0.0,0.0,0.0,0.0,0.0,0.0,0.0,0.0,0.0,0.0,0.0,0.0,0.0,0.0,0.0,0.0,0.0,0.0,0.0,0.0
52,52,Swindon Town,https://pt.wikipedia.org/wiki/Swindon_Town_Football_Club#/media/Ficheiro:Swindon_Town_FC.png,0.0,0.0,0.0,0.0,0.0,0.0,0.0,0.0,0.0,0.0,0.0,0.0,0.0,0.0,0.0,0.0,0.0,0.0,0.0,0.0,0.0,0.0,0.0,0.0,0.0,0.0,0.0,0.0,0.0,0.0,0.0,0.0,0.0,0.0,0.0,0.0,0.0,0.0,0.0,0.0,0.0,0.0,0.0,0.0,320214.0,0.0,0.0,0.0,0.0,0.0,0.0,0.0,0.0,0.0,0.0,0.0,0.0,0.0,0.0,0.0,0.0,0.0,0.0,0.0,0.0,0.0,0.0,0.0,0.0,0.0,0.0
53,53,Reading FC,https://pt.wikipedia.org/wiki/Reading_Football_Club#/media/Ficheiro:Reading_FC.png,0.0,0.0,0.0,0.0,0.0,0.0,0.0,0.0,0.0,0.0,0.0,0.0,0.0,0.0,0.0,0.0,0.0,0.0,0.0,0.0,0.0,0.0,0.0,0.0,0.0,0.0,0.0,0.0,0.0,0.0,0.0,0.0,0.0,0.0,0.0,0.0,0.0,0.0,0.0,0.0,0.0,0.0,0.0,0.0,0.0,0.0,0.0,0.0,0.0,0.0,0.0,0.0,0.0,0.0,0.0,0.0,0.0,453388.0,448115.0,0.0,0.0,0.0,0.0,453378.0,0.0,0.0,0.0,0.0,0.0,0.0,0.0
54,54,Wigan Athletic,https://pt.wikipedia.org/wiki/Wigan_Athletic_Football_Club#/media/Ficheiro:Wigan_Athletic.png,0.0,0.0,0.0,0.0,0.0,0.0,0.0,0.0,0.0,0.0,0.0,0.0,0.0,0.0,0.0,0.0,0.0,0.0,0.0,0.0,0.0,0.0,0.0,0.0,0.0,0.0,0.0,0.0,0.0,0.0,0.0,0.0,0.0,0.0,0.0,0.0,0.0,0.0,0.0,0.0,0.0,0.0,0.0,0.0,0.0,0.0,0.0,0.0,0.0,0.0,0.0,0.0,0.0,0.0,0.0,0.0,391587.0,345019.0,361876.0,348656.0,342118.0,319431.0,354038.0,367827.0,0.0,0.0,0.0,0.0,0.0,0.0,0.0
55,55,Hull City,https://pt.wikipedia.org/wiki/Hull_City_Association_Football_Club#/media/Ficheiro:Hull_City_AFC_new_logo.png,0.0,0.0,0.0,0.0,0.0,0.0,0.0,0.0,0.0,0.0,0.0,0.0,0.0,0.0,0.0,0.0,0.0,0.0,0.0,0.0,0.0,0.0,0.0,0.0,0.0,0.0,0.0,0.0,0.0,0.0,0.0,0.0,0.0,0.0,0.0,0.0,0.0,0.0,0.0,0.0,0.0,0.0,0.0,0.0,0.0,0.0,0.0,0.0,0.0,0.0,0.0,0.0,0.0,0.0,0.0,0.0,0.0,0.0,0.0,471507.0,463406.0,0.0,0.0,0.0,458217.0,447584.0,0.0,394466.0,0.0,0.0,0.0
56,56,Barnsley FC,https://pt.wikipedia.org/wiki/Barnsley_Football_Club#/media/Ficheiro:Barnsley_Football_Club.png,0.0,0.0,0.0,0.0,0.0,0.0,0.0,0.0,0.0,0.0,0.0,0.0,0.0,0.0,0.0,0.0,0.0,0.0,0.0,0.0,0.0,0.0,0.0,0.0,0.0,0.0,0.0,0.0,0.0,0.0,0.0,0.0,0.0,0.0,0.0,0.0,0.0,0.0,0.0,0.0,0.0,0.0,0.0,0.0,0.0,0.0,0.0,0.0,350412.0,0.0,0.0,0.0,0.0,0.0,0.0,0.0,0.0,0.0,0.0,0.0,0.0,0.0,0.0,0.0,0.0,0.0,0.0,0.0,0.0,0.0,0.0
57,57,Bradford City,https://pt.wikipedia.org/wiki/Bradford_City_Association_Football_Club#/media/Ficheiro:Bradford_City_AFC.png,0.0,0.0,0.0,0.0,0.0,0.0,0.0,0.0,0.0,0.0,0.0,0.0,0.0,0.0,0.0,0.0,0.0,0.0,0.0,0.0,0.0,0.0,0.0,0.0,0.0,0.0,0.0,0.0,0.0,0.0,0.0,0.0,0.0,0.0,0.0,0.0,0.0,0.0,0.0,0.0,0.0,0.0,0.0,0.0,0.0,0.0,0.0,0.0,0.0,0.0,342572.0,351705.0,0.0,0.0,0.0,0.0,0.0,0.0,0.0,0.0,0.0,0.0,0.0,0.0,0.0,0.0,0.0,0.0,0.0,0.0,0.0
58,58,,,,,,,,,,,,,,,,,,,,,,,,,,,,,,,,,,,,,,,,,,,,,,,,,,,,,,,,,,,,,,,,,,,,,,,,,
59,59,,,,,,,,,,,,,,,,,,,,,,,,,,,,,,,,,,,,,,,,,,,,,,,,,,,,,,,,,,,,,,,,,,,,,,,,,
60,60,count,,22.0,22.0,22.0,22.0,22.0,22.0,22.0,22.0,22.0,22.0,22.0,22.0,22.0,22.0,22.0,22.0,22.0,22.0,22.0,22.0,22.0,22.0,22.0,22.0,22.0,22.0,22.0,22.0,22.0,22.0,22.0,22.0,22.0,22.0,22.0,22.0,22.0,22.0,21.0,20.0,20.0,20.0,22.0,22.0,22.0,22.0,20.0,20.0,20.0,20.0,20.0,20.0,20.0,20.0,20.0,20.0,20.0,20.0,20.0,20.0,20.0,20.0,20.0,20.0,20.0,20.0,20.0,20.0,20.0,20.0,20.0
